lane,subdomain,context_id,target,standard_entropy,standard_mi_state,standard_mi_target,standard_fisher_trace,standard_rank,standard_qfi_trace,recoverability_defect,recoverability_alignment,compatibility_defect,compatibility_csr,tfcd,ambiguity_lid,ambiguity_index,is_real_data,rmse_bestfit,chi2_bestfit,nfw_rmse,burkert_rmse,p_nfw,p_burkert,verdict_good
blackhole_hawking_surrogate,restricted_radiation_channel,noise0.00_k1,coarse_thermodynamic,1.0,0.5978208097977272,0.19244281050781262,,2.0,,0.24999999999999994,0.4264,0.6780928208689729,0.321907179131027,0.2868,,,0,,,,,,,0
blackhole_hawking_surrogate,restricted_radiation_channel,noise0.00_k1,medium_summary,1.0,0.5978208097977272,0.0,,2.0,,0.5,0.0,1.0,0.0,0.5,,,0,,,,,,,0
blackhole_hawking_surrogate,restricted_radiation_channel,noise0.00_k1,fine_micro_label,1.0,0.5978208097977272,0.0,,2.0,,0.5,0.0,1.0,0.0,0.5,,,0,,,,,,,1
blackhole_hawking_surrogate,restricted_radiation_channel,noise0.00_k2,coarse_thermodynamic,2.0,1.1956416195954527,0.45301438014218376,,4.0,,0.0768,0.7272678400000001,0.6211119011602642,0.3788880988397359,0.13636607999999997,,,0,,,,,,,1
blackhole_hawking_surrogate,restricted_radiation_channel,noise0.00_k2,medium_summary,2.0,1.1956416195954527,0.0,,4.0,,0.5,0.0,1.0,0.0,0.5,,,0,,,,,,,0
blackhole_hawking_surrogate,restricted_radiation_channel,noise0.00_k2,fine_micro_label,2.0,1.1956416195954527,0.0,,4.0,,0.5,0.0,1.0,0.0,0.5,,,0,,,,,,,1
blackhole_hawking_surrogate,restricted_radiation_channel,noise0.00_k3,coarse_thermodynamic,2.9999999999999996,1.515564573867165,0.45301438014218387,,8.0,,0.0768,0.7272678399999999,0.7010919970329886,0.29890800296701137,0.13636608000000003,,,0,,,,,,,1
blackhole_hawking_surrogate,restricted_radiation_channel,noise0.00_k3,medium_summary,2.9999999999999996,1.515564573867165,0.0,,8.0,,0.5,0.0,1.0,0.0,0.5,,,0,,,,,,,0
blackhole_hawking_surrogate,restricted_radiation_channel,noise0.00_k3,fine_micro_label,2.9999999999999996,1.515564573867165,0.0,,8.0,,0.5,0.0,1.0,0.0,0.5,,,0,,,,,,,1
blackhole_hawking_surrogate,restricted_radiation_channel,noise0.00_k4,coarse_thermodynamic,4.0,1.8354875281388916,0.45301438014218387,,16.0,,0.07679999999999995,0.7272678400000003,0.753191251263079,0.246808748736921,0.13636607999999986,,,0,,,,,,,1
blackhole_hawking_surrogate,restricted_radiation_channel,noise0.00_k4,medium_summary,4.0,1.8354875281388916,0.12465597028668708,,16.0,,0.2952000000000001,0.16777216000000006,0.9320856348105601,0.06791436518943993,0.41611391999999997,,,0,,,,,,,1
blackhole_hawking_surrogate,restricted_radiation_channel,noise0.00_k4,fine_micro_label,4.0,1.8354875281388916,0.0,,16.0,,0.5,0.0,1.0,0.0,0.5,,,0,,,,,,,1
blackhole_hawking_surrogate,restricted_radiation_channel,noise0.00_k5,coarse_thermodynamic,5.0,1.931106070414407,0.45301438014218326,,32.0,,0.07680000000000003,0.72726784,0.765411964116001,0.23458803588399904,0.13636608,,,0,,,,,,,1
blackhole_hawking_surrogate,restricted_radiation_channel,noise0.00_k5,medium_summary,5.0,1.931106070414407,0.1246559702866871,,32.0,,0.2952000000000001,0.1677721599999995,0.9354484084554007,0.06455159154459934,0.41611392000000025,,,0,,,,,,,1
blackhole_hawking_surrogate,restricted_radiation_channel,noise0.00_k5,fine_micro_label,5.0,1.931106070414407,-6.406853007629838e-16,,32.0,,0.5000000000000001,0.0,1.0,0.0,0.5000000000000001,,,0,,,,,,,0
blackhole_hawking_surrogate,restricted_radiation_channel,noise0.00_k6,coarse_thermodynamic,6.0,2.026724612689892,0.4530143801421822,,64.0,,0.0768,0.7272678399999994,0.7764795585420279,0.22352044145797212,0.13636608000000028,,,0,,,,,,,1
blackhole_hawking_surrogate,restricted_radiation_channel,noise0.00_k6,medium_summary,6.0,2.026724612689892,0.12465597028668716,,64.0,,0.29519999999999996,0.16777215999999928,0.938493878494305,0.06150612150569502,0.41611392000000036,,,0,,,,,,,1
blackhole_hawking_surrogate,restricted_radiation_channel,noise0.00_k6,fine_micro_label,6.0,2.026724612689892,0.09561854227550608,,64.0,,0.32000000000000023,0.1295999999999995,0.9528211471470709,0.047178852852929075,0.43520000000000025,,,0,,,,,,,1
blackhole_hawking_surrogate,restricted_radiation_channel,noise0.10_k1,coarse_thermodynamic,1.0,0.3562064785148966,0.11642906300454031,,2.0,,0.25000000000000006,0.3628959999999999,0.6731416466933483,0.3268583533066517,0.31855200000000006,,,0,,,,,,,0
blackhole_hawking_surrogate,restricted_radiation_channel,noise0.10_k1,medium_summary,1.0,0.3562064785148966,0.0,,2.0,,0.5,0.0,1.0,0.0,0.5,,,0,,,,,,,0
blackhole_hawking_surrogate,restricted_radiation_channel,noise0.10_k1,fine_micro_label,1.0,0.3562064785148966,0.0,,2.0,,0.5,0.0,1.0,0.0,0.5,,,0,,,,,,,1
blackhole_hawking_surrogate,restricted_radiation_channel,noise0.10_k2,coarse_thermodynamic,2.0000000000000004,0.7124129570297916,0.25767256243840203,,4.0,,0.15055199999999988,0.5267740272640002,0.638310112279967,0.361689887720033,0.23661298636799988,,,0,,,,,,,1
blackhole_hawking_surrogate,restricted_radiation_channel,noise0.10_k2,medium_summary,2.0000000000000004,0.7124129570297916,0.0,,4.0,,0.5,0.0,1.0,0.0,0.5,,,0,,,,,,,0
blackhole_hawking_surrogate,restricted_radiation_channel,noise0.10_k2,fine_micro_label,2.0000000000000004,0.7124129570297916,0.0,,4.0,,0.5,0.0,1.0,0.0,0.5,,,0,,,,,,,1
blackhole_hawking_surrogate,restricted_radiation_channel,noise0.10_k3,coarse_thermodynamic,3.0,0.9107838554441838,0.257672562438402,,8.0,,0.15055200000000002,0.5267740272640002,0.7170870334402923,0.28291296655970766,0.23661298636799988,,,0,,,,,,,0
blackhole_hawking_surrogate,restricted_radiation_channel,noise0.10_k3,medium_summary,3.0,0.9107838554441838,8.008566259537294e-17,,8.0,,0.5,0.0,0.9999999999999999,8.793048110884184e-17,0.5,,,0,,,,,,,0
blackhole_hawking_surrogate,restricted_radiation_channel,noise0.10_k3,fine_micro_label,3.0,0.9107838554441838,0.0,,8.0,,0.5000000000000001,0.0,1.0,0.0,0.5000000000000001,,,0,,,,,,,0
blackhole_hawking_surrogate,restricted_radiation_channel,noise0.10_k4,coarse_thermodynamic,4.0,1.1091547538585709,0.25767256243840203,,16.0,,0.15055199999999988,0.526774027264,0.7676856529334607,0.23231434706653933,0.236612986368,,,0,,,,,,,1
blackhole_hawking_surrogate,restricted_radiation_channel,noise0.10_k4,medium_summary,4.0,1.1091547538585709,0.05015457505052953,,16.0,,0.3689280000000001,0.06871947673599976,0.9547812648541154,0.04521873514588459,0.4656402616320001,,,0,,,,,,,1
blackhole_hawking_surrogate,restricted_radiation_channel,noise0.10_k4,fine_micro_label,4.0,1.1091547538585709,0.0,,16.0,,0.5,0.0,1.0,0.0,0.5,,,0,,,,,,,1
blackhole_hawking_surrogate,restricted_radiation_channel,noise0.10_k5,coarse_thermodynamic,5.0,1.1698420401263396,0.2576725624384023,,32.0,,0.1505519999999999,0.526774027264,0.7797373033280849,0.22026269667191511,0.23661298636799996,,,0,,,,,,,1
blackhole_hawking_surrogate,restricted_radiation_channel,noise0.10_k5,medium_summary,5.0,1.1698420401263396,0.05015457505052958,,32.0,,0.3689280000000002,0.06871947673599987,0.957127053627588,0.04287294637241198,0.46564026163200006,,,0,,,,,,,1
blackhole_hawking_surrogate,restricted_radiation_channel,noise0.10_k5,fine_micro_label,5.0,1.1698420401263396,0.0,,32.0,,0.5,0.0,1.0,0.0,0.5,,,0,,,,,,,1
blackhole_hawking_surrogate,restricted_radiation_channel,noise0.10_k6,coarse_thermodynamic,6.000000000000001,1.2305293263941233,0.2576725624384019,,64.0,,0.1505520000000002,0.5267740272640005,0.7906002263322958,0.2093997736677042,0.23661298636799974,,,0,,,,,,,0
blackhole_hawking_surrogate,restricted_radiation_channel,noise0.10_k6,medium_summary,6.000000000000001,1.2305293263941233,0.05015457505052956,,64.0,,0.3689280000000003,0.06871947673599987,0.959241463023478,0.04075853697652198,0.46564026163200006,,,0,,,,,,,1
blackhole_hawking_surrogate,restricted_radiation_channel,noise0.10_k6,fine_micro_label,6.000000000000001,1.2305293263941233,0.060687286267764,,64.0,,0.3560000000000004,0.08294399999999924,0.9506819667227284,0.04931803327727162,0.4585280000000004,,,0,,,,,,,1
blackhole_hawking_surrogate,restricted_radiation_channel,noise0.20_k1,coarse_thermodynamic,1.0,0.19190721677544093,0.06331893954676324,,2.0,,0.25000000000000006,0.3135039999999999,0.6700544116542761,0.3299455883457239,0.34324800000000005,,,0,,,,,,,0
blackhole_hawking_surrogate,restricted_radiation_channel,noise0.20_k1,medium_summary,1.0,0.19190721677544093,0.0,,2.0,,0.5,0.0,1.0,0.0,0.5,,,0,,,,,,,0
blackhole_hawking_surrogate,restricted_radiation_channel,noise0.20_k1,fine_micro_label,1.0,0.19190721677544093,0.0,,2.0,,0.5,0.0,1.0,0.0,0.5,,,0,,,,,,,1
blackhole_hawking_surrogate,restricted_radiation_channel,noise0.20_k2,coarse_thermodynamic,2.0,0.3838144335508832,0.13399377550357558,,4.0,,0.21724800000000005,0.39313903206400014,0.6508891698940975,0.3491108301059025,0.30343048396799993,,,0,,,,,,,0
blackhole_hawking_surrogate,restricted_radiation_channel,noise0.20_k2,medium_summary,2.0,0.3838144335508832,0.0,,4.0,,0.5,0.0,1.0,0.0,0.5,,,0,,,,,,,0
blackhole_hawking_surrogate,restricted_radiation_channel,noise0.20_k2,fine_micro_label,2.0,0.3838144335508832,0.0,,4.0,,0.5,0.0,1.0,0.0,0.5,,,0,,,,,,,1
blackhole_hawking_surrogate,restricted_radiation_channel,noise0.20_k3,coarse_thermodynamic,3.0,0.49296313694744054,0.1339937755035758,,8.0,,0.217248,0.39313903206400025,0.7281870276684357,0.2718129723315643,0.3034304839679999,,,0,,,,,,,0
blackhole_hawking_surrogate,restricted_radiation_channel,noise0.20_k3,medium_summary,3.0,0.49296313694744054,1.0010707824421618e-16,,8.0,,0.5,1.1102230246251565e-16,0.9999999999999998,2.030721381401984e-16,0.49999999999999994,,,0,,,,,,,0
blackhole_hawking_surrogate,restricted_radiation_channel,noise0.20_k3,fine_micro_label,3.0,0.49296313694744054,0.0,,8.0,,0.5,0.0,1.0,0.0,0.5,,,0,,,,,,,1
blackhole_hawking_surrogate,restricted_radiation_channel,noise0.20_k4,coarse_thermodynamic,4.000000000000002,0.602111840343993,0.13399377550357594,,16.0,,0.21724799999999989,0.3931390320640007,0.7774603212801399,0.22253967871986016,0.30343048396799965,,,0,,,,,,,0
blackhole_hawking_surrogate,restricted_radiation_channel,noise0.20_k4,medium_summary,4.000000000000002,0.602111840343993,0.015741794039966107,,16.0,,0.426272,0.021743271935999897,0.9738556975877228,0.026144302412277175,0.48912836403200005,,,0,,,,,,,0
blackhole_hawking_surrogate,restricted_radiation_channel,noise0.20_k4,fine_micro_label,4.000000000000002,0.602111840343993,0.0,,16.0,,0.5,0.0,1.0,0.0,0.5,,,0,,,,,,,1
blackhole_hawking_surrogate,restricted_radiation_channel,noise0.20_k5,coarse_thermodynamic,4.999999999999998,0.6360337427487645,0.1339937755035757,,32.0,,0.21724800000000008,0.39313903206399936,0.7893291401105684,0.21067085988943152,0.3034304839680003,,,0,,,,,,,0
blackhole_hawking_surrogate,restricted_radiation_channel,noise0.20_k5,medium_summary,4.999999999999998,0.6360337427487645,0.015741794039966218,,32.0,,0.42627199999999965,0.021743271935999897,0.9752500646083108,0.024749935391689244,0.48912836403200005,,,0,,,,,,,1
blackhole_hawking_surrogate,restricted_radiation_channel,noise0.20_k5,fine_micro_label,4.999999999999998,0.6360337427487645,3.203426503814918e-16,,32.0,,0.49999999999999994,1.1102230246251565e-16,0.9999999999999994,5.036566912268808e-16,0.49999999999999994,,,0,,,,,,,1
blackhole_hawking_surrogate,restricted_radiation_channel,noise0.20_k6,coarse_thermodynamic,6.0,0.6699556451535565,0.13399377550357544,,64.0,,0.21724799999999986,0.39313903206400014,0.7999960497789916,0.20000395022100834,0.30343048396799993,,,0,,,,,,,0
blackhole_hawking_surrogate,restricted_radiation_channel,noise0.20_k6,medium_summary,6.0,0.6699556451535565,0.01574179403996595,,64.0,,0.42627200000000054,0.021743271936001562,0.9765032294990844,0.023496770500915577,0.4891283640319992,,,0,,,,,,,0
blackhole_hawking_surrogate,restricted_radiation_channel,noise0.20_k6,fine_micro_label,6.0,0.6699556451535565,0.03392190240477478,,64.0,,0.3919999999999997,0.04665599999999914,0.9493669429459024,0.050633057054097576,0.47667200000000043,,,0,,,,,,,1
dark_matter_hidden_mass,galaxy_burkert_bestfit,D631-7_burkert,enclosed_mass,1.2987949406953985,12.52135239625019,3.8288440652352778,8729.817418958006,3.0,,0.07054741997620463,,0.6942148144970415,0.30578518550295847,,0.0,319.14248078403233,1,1.5955158362628692,5.931700097191201,5.332839427644312,1.5955158362628692,4.583814634646974e-21,0.9999999999989999,0
dark_matter_hidden_mass,galaxy_burkert_bestfit,D631-7_burkert,halo_family_label,1.2987949406953985,12.52135239625019,0.9999999999586942,8729.817418958006,3.0,,4.583814634646974e-21,,0.9201364223038585,0.07986357769614147,9.167629269293949e-21,0.0,319.14248078403233,1,1.5955158362628692,5.931700097191201,5.332839427644312,1.5955158362628692,4.583814634646974e-21,0.9999999999989999,0
dark_matter_hidden_mass,galaxy_burkert_bestfit,D631-7_burkert,local_profile_class,1.2987949406953985,12.52135239625019,0.9211438747846503,8729.817418958006,3.0,,0.009708754565773399,,0.9264341545837725,0.07356584541622742,0.019417509131546797,0.0,319.14248078403233,1,1.5955158362628692,5.931700097191201,5.332839427644312,1.5955158362628692,4.583814634646974e-21,0.9999999999989999,0
dark_matter_hidden_mass,galaxy_burkert_bestfit,D631-7_burkert,fine_latent_geometry,1.2987949406953985,12.52135239625019,7.458079417807668,8729.817418958006,3.0,,0.005687237985628789,,0.4043710949273208,0.5956289050726792,,0.0,319.14248078403233,1,1.5955158362628692,5.931700097191201,5.332839427644312,1.5955158362628692,4.583814634646974e-21,0.9999999999989999,1
dark_matter_hidden_mass,galaxy_burkert_bestfit,DDO064_burkert,enclosed_mass,0.9852281360342515,7.907447543343022,1.596554199969558,1359.5138982459148,3.0,,0.3503751467136323,,0.7980948730651225,0.2019051269348775,,1.0,22.514534277062033,1,2.694963191233691,3.901317895413734,3.4623129679540514,2.694963191233691,0.15027398663270475,0.8497260133664454,0
dark_matter_hidden_mass,galaxy_burkert_bestfit,DDO064_burkert,halo_family_label,0.9852281360342515,7.907447543343022,0.38947446813980935,1359.5138982459148,3.0,,0.15027398663270475,,0.950745867613413,0.049254132386587005,0.3005479732654095,1.0,22.514534277062033,1,2.694963191233691,3.901317895413734,3.4623129679540514,2.694963191233691,0.15027398663270475,0.8497260133664454,0
dark_matter_hidden_mass,galaxy_burkert_bestfit,DDO064_burkert,local_profile_class,0.9852281360342515,7.907447543343022,0.7581421040134122,1359.5138982459148,3.0,,0.03990531557078961,,0.9041230308695929,0.09587696913040708,0.07981063114157921,1.0,22.514534277062033,1,2.694963191233691,3.901317895413734,3.4623129679540514,2.694963191233691,0.15027398663270475,0.8497260133664454,0
dark_matter_hidden_mass,galaxy_burkert_bestfit,DDO064_burkert,fine_latent_geometry,0.9852281360342515,7.907447543343022,5.593084196026693,1359.5138982459148,3.0,,0.020720827772154327,,0.2926814670132972,0.7073185329867028,,1.0,22.514534277062033,1,2.694963191233691,3.901317895413734,3.4623129679540514,2.694963191233691,0.15027398663270475,0.8497260133664454,0
dark_matter_hidden_mass,galaxy_burkert_bestfit,DDO161_burkert,enclosed_mass,1.3987153592677852,15.604248416102772,5.702019543097617,84366.244180685,3.0,,0.019213267357375555,,0.6345854416664227,0.3654145583335772,,0.0,1341.146063833182,1,1.3067634618034358,7.454670659297402,14.773949384573394,1.3067634618034358,3.9234326674549116e-228,0.9999999999989999,1
dark_matter_hidden_mass,galaxy_burkert_bestfit,DDO161_burkert,halo_family_label,1.3987153592677852,15.604248416102772,0.9999999999586942,84366.244180685,3.0,,3.9234326674549116e-228,,0.935914888478272,0.06408511152172804,7.846865334909823e-228,0.0,1341.146063833182,1,1.3067634618034358,7.454670659297402,14.773949384573394,1.3067634618034358,3.9234326674549116e-228,0.9999999999989999,1
dark_matter_hidden_mass,galaxy_burkert_bestfit,DDO161_burkert,local_profile_class,1.3987153592677852,15.604248416102772,0.9999999999586942,84366.244180685,3.0,,3.88401298977909e-30,,0.935914888478272,0.06408511152172804,7.76802597955818e-30,0.0,1341.146063833182,1,1.3067634618034358,7.454670659297402,14.773949384573394,1.3067634618034358,3.9234326674549116e-228,0.9999999999989999,1
dark_matter_hidden_mass,galaxy_burkert_bestfit,DDO161_burkert,fine_latent_geometry,1.3987153592677852,15.604248416102772,8.337473354755513,84366.244180685,3.0,,0.0030915230210743342,,0.46569209022898694,0.5343079097710131,,0.0,1341.146063833182,1,1.3067634618034358,7.454670659297402,14.773949384573394,1.3067634618034358,3.9234326674549116e-228,0.9999999999989999,1
dark_matter_hidden_mass,galaxy_burkert_bestfit,ESO079-G014_burkert,enclosed_mass,0.9709505944546686,15.71592519430343,3.1225207259258303,140391.43307523133,3.0,,0.11558715161558247,,0.8013148645516808,0.19868513544831926,,0.0,1406.5540284755205,1,10.529712848032283,46.62145114828686,30.13269567743475,10.529712848032283,6.292054915711255e-94,0.9999999999989999,0
dark_matter_hidden_mass,galaxy_burkert_bestfit,ESO079-G014_burkert,halo_family_label,0.9709505944546686,15.71592519430343,0.9999999999586942,140391.43307523133,3.0,,6.292054915711255e-94,,0.9363702748902645,0.06362972510973552,1.258410983142251e-93,0.0,1406.5540284755205,1,10.529712848032283,46.62145114828686,30.13269567743475,10.529712848032283,6.292054915711255e-94,0.9999999999989999,1
dark_matter_hidden_mass,galaxy_burkert_bestfit,ESO079-G014_burkert,local_profile_class,0.9709505944546686,15.71592519430343,0.9999999999586942,140391.43307523133,3.0,,1.3147709374328822e-14,,0.9363702748902645,0.06362972510973552,2.6295418748657645e-14,0.0,1406.5540284755205,1,10.529712848032283,46.62145114828686,30.13269567743475,10.529712848032283,6.292054915711255e-94,0.9999999999989999,1
dark_matter_hidden_mass,galaxy_burkert_bestfit,ESO079-G014_burkert,fine_latent_geometry,0.9709505944546686,15.71592519430343,7.436835948035512,140391.43307523133,3.0,,0.005771604105304228,,0.5267961729207549,0.4732038270792451,,0.0,1406.5540284755205,1,10.529712848032283,46.62145114828686,30.13269567743475,10.529712848032283,6.292054915711255e-94,0.9999999999989999,1
dark_matter_hidden_mass,galaxy_burkert_bestfit,ESO116-G012_burkert,enclosed_mass,1.5546097612655667,14.19842857184365,4.554506492189371,41414.28345792785,3.0,,0.042594206915908206,,0.6792246079103968,0.32077539208960315,,0.0,689.393009720148,1,2.577834468954472,9.540925830617159,11.890081822578084,2.577834468954472,5.652380752650815e-49,0.9999999999989999,1
dark_matter_hidden_mass,galaxy_burkert_bestfit,ESO116-G012_burkert,halo_family_label,1.5546097612655667,14.19842857184365,0.9999999999586942,41414.28345792785,3.0,,5.652380752650815e-49,,0.9295696706928712,0.07043032930712877,1.130476150530163e-48,0.0,689.393009720148,1,2.577834468954472,9.540925830617159,11.890081822578084,2.577834468954472,5.652380752650815e-49,0.9999999999989999,1
dark_matter_hidden_mass,galaxy_burkert_bestfit,ESO116-G012_burkert,local_profile_class,1.5546097612655667,14.19842857184365,0.003713511170048922,41414.28345792785,3.0,,0.4641405484595903,,0.9997384561853969,0.0002615438146030499,0.9282810969191806,0.0,689.393009720148,1,2.577834468954472,9.540925830617159,11.890081822578084,2.577834468954472,5.652380752650815e-49,0.9999999999989999,0
dark_matter_hidden_mass,galaxy_burkert_bestfit,ESO116-G012_burkert,fine_latent_geometry,1.5546097612655667,14.19842857184365,6.98451574506874,41414.28345792785,3.0,,0.007897048289452209,,0.5080782560036636,0.4919217439963364,,0.0,689.393009720148,1,2.577834468954472,9.540925830617159,11.890081822578084,2.577834468954472,5.652380752650815e-49,0.9999999999989999,0
dark_matter_hidden_mass,galaxy_burkert_bestfit,ESO563-G021_burkert,enclosed_mass,1.8004422822781614,18.621333530538674,4.568084857700111,178022.4521209299,3.0,,0.04219448540234899,,0.7546854069173656,0.2453145930826344,,0.0,5445.059836326292,1,13.541980651057276,207.81849500650094,50.21537083969008,13.541980651057276,2.2253513869082654e-210,0.9999999999989999,1
dark_matter_hidden_mass,galaxy_burkert_bestfit,ESO563-G021_burkert,halo_family_label,1.8004422822781614,18.621333530538674,0.9999999999586942,178022.4521209299,3.0,,2.2253513869082654e-210,,0.9462981532273878,0.05370184677261223,4.450702773816531e-210,0.0,5445.059836326292,1,13.541980651057276,207.81849500650094,50.21537083969008,13.541980651057276,2.2253513869082654e-210,0.9999999999989999,1
dark_matter_hidden_mass,galaxy_burkert_bestfit,ESO563-G021_burkert,local_profile_class,1.8004422822781614,18.621333530538674,0.9999999999586942,178022.4521209299,3.0,,7.942488589402285e-205,,0.9462981532273878,0.05370184677261223,1.588497717880457e-204,0.0,5445.059836326292,1,13.541980651057276,207.81849500650094,50.21537083969008,13.541980651057276,2.2253513869082654e-210,0.9999999999989999,1
dark_matter_hidden_mass,galaxy_burkert_bestfit,ESO563-G021_burkert,fine_latent_geometry,1.8004422822781614,18.621333530538674,8.300889544536707,178022.4521209299,3.0,,0.003170920970494667,,0.5542269015844978,0.44577309841550217,,0.0,5445.059836326292,1,13.541980651057276,207.81849500650094,50.21537083969008,13.541980651057276,2.2253513869082654e-210,0.9999999999989999,1
dark_matter_hidden_mass,galaxy_burkert_bestfit,F563-1_burkert,enclosed_mass,1.7263472243434204,9.664759647272401,2.0488518799977644,5973.992683063208,3.0,,0.24905921842259174,,0.7880079841844806,0.21199201581551938,,1.0,29.70660917272338,1,7.682079242178384,9.279068767875218,23.401973209906185,7.682079242178384,2.208588660418414e-23,0.9999999999989999,0
dark_matter_hidden_mass,galaxy_burkert_bestfit,F563-1_burkert,halo_family_label,1.7263472243434204,9.664759647272401,0.9999999999586942,5973.992683063208,3.0,,2.208588660418414e-23,,0.896531312060004,0.10346868793999603,4.417177320836828e-23,1.0,29.70660917272338,1,7.682079242178384,9.279068767875218,23.401973209906185,7.682079242178384,2.208588660418414e-23,0.9999999999989999,0
dark_matter_hidden_mass,galaxy_burkert_bestfit,F563-1_burkert,local_profile_class,1.7263472243434204,9.664759647272401,0.059640512238211096,5973.992683063208,3.0,,0.35722959416630473,,0.9938290744503882,0.006170925549611873,0.7144591883326095,1.0,29.70660917272338,1,7.682079242178384,9.279068767875218,23.401973209906185,7.682079242178384,2.208588660418414e-23,0.9999999999989999,0
dark_matter_hidden_mass,galaxy_burkert_bestfit,F563-1_burkert,fine_latent_geometry,1.7263472243434204,9.664759647272401,5.114335310307137,5973.992683063208,3.0,,0.028881032384791953,,0.4708264357354701,0.5291735642645299,,1.0,29.70660917272338,1,7.682079242178384,9.279068767875218,23.401973209906185,7.682079242178384,2.208588660418414e-23,0.9999999999989999,0
dark_matter_hidden_mass,galaxy_burkert_bestfit,F568-3_burkert,enclosed_mass,1.8910611120726526,10.570491986660675,2.088072284779594,4890.360170609162,3.0,,0.2419827787573264,,0.8024621477018652,0.1975378522981348,,1.0,90.9470164679409,1,6.043984613908084,14.929057470292038,26.23110522238758,6.043984613908084,3.7227092572017453e-35,0.9999999999989999,0
dark_matter_hidden_mass,galaxy_burkert_bestfit,F568-3_burkert,halo_family_label,1.8910611120726526,10.570491986660675,0.9999999999586942,4890.360170609162,3.0,,3.7227092572017453e-35,,0.9053970239776319,0.09460297602236811,7.445418514403491e-35,1.0,90.9470164679409,1,6.043984613908084,14.929057470292038,26.23110522238758,6.043984613908084,3.7227092572017453e-35,0.9999999999989999,0
dark_matter_hidden_mass,galaxy_burkert_bestfit,F568-3_burkert,local_profile_class,1.8910611120726526,10.570491986660675,0.5393301745308446,4890.360170609162,3.0,,0.09739086009293862,,0.9489777604286114,0.05102223957138862,0.19478172018587725,1.0,90.9470164679409,1,6.043984613908084,14.929057470292038,26.23110522238758,6.043984613908084,3.7227092572017453e-35,0.9999999999989999,0
dark_matter_hidden_mass,galaxy_burkert_bestfit,F568-3_burkert,fine_latent_geometry,1.8910611120726526,10.570491986660675,5.1951054762691875,4890.360170609162,3.0,,0.027307332913017596,,0.5085275611745321,0.4914724388254679,,1.0,90.9470164679409,1,6.043984613908084,14.929057470292038,26.23110522238758,6.043984613908084,3.7227092572017453e-35,0.9999999999989999,0
dark_matter_hidden_mass,galaxy_burkert_bestfit,F568-V1_burkert,enclosed_mass,1.6879430945989,9.451042792580534,1.0134203928859735,6330.105749020067,3.0,,0.570255281919739,,0.8927715792714904,0.10722842072850958,,1.0,29.33629445799298,1,2.809966174749355,0.6626291049198328,20.220601754994025,2.809966174749355,6.16338257974043e-06,0.9999938366164202,0
dark_matter_hidden_mass,galaxy_burkert_bestfit,F568-V1_burkert,halo_family_label,1.6879430945989,9.451042792580534,0.9998844332680155,6330.105749020067,3.0,,6.16338257974043e-06,,0.8942037979075741,0.1057962020924259,1.232676515948086e-05,1.0,29.33629445799298,1,2.809966174749355,0.6626291049198328,20.220601754994025,2.809966174749355,6.16338257974043e-06,0.9999938366164202,0
dark_matter_hidden_mass,galaxy_burkert_bestfit,F568-V1_burkert,local_profile_class,1.6879430945989,9.451042792580534,0.3999151000703858,6330.105749020067,3.0,,0.14613573815170278,,0.9576856111175016,0.04231438888249834,0.29227147630340555,1.0,29.33629445799298,1,2.809966174749355,0.6626291049198328,20.220601754994025,2.809966174749355,6.16338257974043e-06,0.9999938366164202,0
dark_matter_hidden_mass,galaxy_burkert_bestfit,F568-V1_burkert,fine_latent_geometry,1.6879430945989,9.451042792580534,4.90067974005287,6330.105749020067,3.0,,0.033495918906090466,,0.4814667706403668,0.5185332293596332,,1.0,29.33629445799298,1,2.809966174749355,0.6626291049198328,20.220601754994025,2.809966174749355,6.16338257974043e-06,0.9999938366164202,0
dark_matter_hidden_mass,galaxy_burkert_bestfit,F574-1_burkert,enclosed_mass,1.4345491399952024,11.784628926656437,2.2314642770694832,22116.28485099817,3.0,,0.21794102008985586,,0.8106461993027217,0.18935380069727828,,1.0,192.68283744723945,1,0.9477005584059006,0.5619856940215393,10.777654097876107,0.9477005584059006,1.037823111010611e-18,0.9999999999989999,0
dark_matter_hidden_mass,galaxy_burkert_bestfit,F574-1_burkert,halo_family_label,1.4345491399952024,11.784628926656437,0.9999999999586942,22116.28485099817,3.0,,1.037823111010611e-18,,0.9151437006474826,0.08485629935251737,2.075646222021222e-18,1.0,192.68283744723945,1,0.9477005584059006,0.5619856940215393,10.777654097876107,0.9477005584059006,1.037823111010611e-18,0.9999999999989999,0
dark_matter_hidden_mass,galaxy_burkert_bestfit,F574-1_burkert,local_profile_class,1.4345491399952024,11.784628926656437,0.6341324954889414,22116.28485099817,3.0,,0.06998495529704969,,0.9461898631314088,0.05381013686859116,0.13996991059409938,1.0,192.68283744723945,1,0.9477005584059006,0.5619856940215393,10.777654097876107,0.9477005584059006,1.037823111010611e-18,0.9999999999989999,0
dark_matter_hidden_mass,galaxy_burkert_bestfit,F574-1_burkert,fine_latent_geometry,1.4345491399952024,11.784628926656437,6.234420509169382,22116.28485099817,3.0,,0.013282833494574221,,0.4709701469625971,0.5290298530374029,,1.0,192.68283744723945,1,0.9477005584059006,0.5619856940215393,10.777654097876107,0.9477005584059006,1.037823111010611e-18,0.9999999999989999,0
dark_matter_hidden_mass,galaxy_burkert_bestfit,F579-V1_burkert,enclosed_mass,1.4299111709758698,8.46740596213385,0.6539335781028459,2606.5625872311357,3.0,,0.8231769877027371,,0.9227704941717416,0.07722950582825838,,1.0,39.700920917248624,1,4.059879201748614,2.0325907265533716,3.910681044516737,4.059879201748614,0.4725477862704463,0.5274522137290262,0
dark_matter_hidden_mass,galaxy_burkert_bestfit,F579-V1_burkert,halo_family_label,1.4299111709758698,8.46740596213385,0.0021755931492989378,2606.5625872311357,3.0,,0.4725477862704463,,0.9997430626145684,0.00025693738543163837,0.9450955725408926,1.0,39.700920917248624,1,4.059879201748614,2.0325907265533716,3.910681044516737,4.059879201748614,0.4725477862704463,0.5274522137290262,0
dark_matter_hidden_mass,galaxy_burkert_bestfit,F579-V1_burkert,local_profile_class,1.4299111709758698,8.46740596213385,0.9701936937603441,2606.5625872311357,3.0,,0.0030409069031759306,,0.8854201985709625,0.11457980142903744,0.006081813806351861,1.0,39.700920917248624,1,4.059879201748614,2.0325907265533716,3.910681044516737,4.059879201748614,0.4725477862704463,0.5274522137290262,0
dark_matter_hidden_mass,galaxy_burkert_bestfit,F579-V1_burkert,fine_latent_geometry,1.4299111709758698,8.46740596213385,4.869354632699948,2606.5625872311357,3.0,,0.03423201838776977,,0.4249295882970947,0.5750704117029053,,1.0,39.700920917248624,1,4.059879201748614,2.0325907265533716,3.910681044516737,4.059879201748614,0.4725477862704463,0.5274522137290262,0
dark_matter_hidden_mass,galaxy_burkert_bestfit,F583-1_burkert,enclosed_mass,1.516623811079363,10.929187291575275,3.326034897288145,8525.183502494752,3.0,,0.10021521908123632,,0.6956740873265108,0.3043259126734892,,1.0,108.40674470968797,1,2.5778563933290966,3.85372959288563,6.859750197667851,2.5778563933290966,7.525477215877716e-08,0.9999999247442278,0
dark_matter_hidden_mass,galaxy_burkert_bestfit,F583-1_burkert,halo_family_label,1.516623811079363,10.929187291575275,0.9999981106283538,8525.183502494752,3.0,,7.525477215877716e-08,,0.9085020611368607,0.09149793886313932,1.5050954431755432e-07,1.0,108.40674470968797,1,2.5778563933290966,3.85372959288563,6.859750197667851,2.5778563933290966,7.525477215877716e-08,0.9999999247442278,0
dark_matter_hidden_mass,galaxy_burkert_bestfit,F583-1_burkert,local_profile_class,1.516623811079363,10.929187291575275,0.022723398115391258,8525.183502494752,3.0,,0.41149070783337693,,0.9979208519801919,0.0020791480198081615,0.8229814156667539,1.0,108.40674470968797,1,2.5778563933290966,3.85372959288563,6.859750197667851,2.5778563933290966,7.525477215877716e-08,0.9999999247442278,0
dark_matter_hidden_mass,galaxy_burkert_bestfit,F583-1_burkert,fine_latent_geometry,1.516623811079363,10.929187291575275,6.461333328032281,8525.183502494752,3.0,,0.01134939792637897,,0.40880020118120064,0.5911997988187994,,1.0,108.40674470968797,1,2.5778563933290966,3.85372959288563,6.859750197667851,2.5778563933290966,7.525477215877716e-08,0.9999999247442278,0
dark_matter_hidden_mass,galaxy_burkert_bestfit,IC2574_burkert,enclosed_mass,1.9357417972482365,12.024632387934481,4.284037025728988,12945.063626820998,3.0,,0.05139835905508424,,0.6437282332200366,0.3562717667799634,,0.0,248.0845736351266,1,2.134063983548578,38.12907396835723,6.0338968017419425,2.134063983548578,9.579830942721237e-71,0.9999999999989999,1
dark_matter_hidden_mass,galaxy_burkert_bestfit,IC2574_burkert,halo_family_label,1.9357417972482365,12.024632387934481,0.9999999999586942,12945.063626820998,3.0,,9.579830942721237e-71,,0.9168373745078399,0.08316262549216011,1.9159661885442475e-70,0.0,248.0845736351266,1,2.134063983548578,38.12907396835723,6.0338968017419425,2.134063983548578,9.579830942721237e-71,0.9999999999989999,1
dark_matter_hidden_mass,galaxy_burkert_bestfit,IC2574_burkert,local_profile_class,1.9357417972482365,12.024632387934481,0.9999999999586942,12945.063626820998,3.0,,7.140481541277246e-25,,0.9168373745078399,0.08316262549216011,1.4280963082554491e-24,0.0,248.0845736351266,1,2.134063983548578,38.12907396835723,6.0338968017419425,2.134063983548578,9.579830942721237e-71,0.9999999999989999,1
dark_matter_hidden_mass,galaxy_burkert_bestfit,IC2574_burkert,fine_latent_geometry,1.9357417972482365,12.024632387934481,7.137009942047527,12945.063626820998,3.0,,0.007104882254136858,,0.40646751503116185,0.5935324849688381,,0.0,248.0845736351266,1,2.134063983548578,38.12907396835723,6.0338968017419425,2.134063983548578,9.579830942721237e-71,0.9999999999989999,0
dark_matter_hidden_mass,galaxy_burkert_bestfit,IC4202_burkert,enclosed_mass,2.1697367178034823,16.655083588278142,3.535947768480638,59377.019462130826,3.0,,0.08653537490801456,,0.7876955855706879,0.21230441442931214,,0.0,2194.5620450301913,1,23.254388344794712,970.6300734311612,26.96349310783396,23.254388344794712,1.0115214080895169e-44,0.9999999999989999,0
dark_matter_hidden_mass,galaxy_burkert_bestfit,IC4202_burkert,halo_family_label,2.1697367178034823,16.655083588278142,0.9999999999586942,59377.019462130826,3.0,,1.0115214080895169e-44,,0.9399582719199023,0.0600417280800977,2.0230428161790337e-44,0.0,2194.5620450301913,1,23.254388344794712,970.6300734311612,26.96349310783396,23.254388344794712,1.0115214080895169e-44,0.9999999999989999,1
dark_matter_hidden_mass,galaxy_burkert_bestfit,IC4202_burkert,local_profile_class,2.1697367178034823,16.655083588278142,0.9999999999586942,59377.019462130826,3.0,,1.324961131109798e-100,,0.9399582719199023,0.0600417280800977,2.649922262219596e-100,0.0,2194.5620450301913,1,23.254388344794712,970.6300734311612,26.96349310783396,23.254388344794712,1.0115214080895169e-44,0.9999999999989999,1
dark_matter_hidden_mass,galaxy_burkert_bestfit,IC4202_burkert,fine_latent_geometry,2.1697367178034823,16.655083588278142,7.980624464260264,59377.019462130826,3.0,,0.003959096084549332,,0.5208295159877172,0.47917048401228274,,0.0,2194.5620450301913,1,23.254388344794712,970.6300734311612,26.96349310783396,23.254388344794712,1.0115214080895169e-44,0.9999999999989999,1
dark_matter_hidden_mass,galaxy_burkert_bestfit,KK98-251_burkert,enclosed_mass,1.565596230357602,8.492948516647445,0.755991773496231,2078.389455956681,3.0,,0.7348137794695105,,0.9109859465161746,0.08901405348382538,,1.0,17.795870025715107,1,0.9998507630292307,3.748880806238006,2.979333461325394,0.9998507630292307,3.8544695818994516e-07,0.9999996145520418,0
dark_matter_hidden_mass,galaxy_burkert_bestfit,KK98-251_burkert,halo_family_label,1.565596230357602,8.492948516647445,0.9999912312131061,2078.389455956681,3.0,,3.8544695818994516e-07,,0.8822562942359801,0.11774370576401991,7.708939163798903e-07,1.0,17.795870025715107,1,0.9998507630292307,3.748880806238006,2.979333461325394,0.9998507630292307,3.8544695818994516e-07,0.9999996145520418,0
dark_matter_hidden_mass,galaxy_burkert_bestfit,KK98-251_burkert,local_profile_class,1.565596230357602,8.492948516647445,0.026520177844749915,2078.389455956681,3.0,,0.40442419242584915,,0.9968773886015244,0.0031226113984756192,0.8088483848516983,1.0,17.795870025715107,1,0.9998507630292307,3.748880806238006,2.979333461325394,0.9998507630292307,3.8544695818994516e-07,0.9999996145520418,0
dark_matter_hidden_mass,galaxy_burkert_bestfit,KK98-251_burkert,fine_latent_geometry,1.565596230357602,8.492948516647445,4.701629653992007,2078.389455956681,3.0,,0.038458237474312804,,0.44640784707735925,0.5535921529226407,,1.0,17.795870025715107,1,0.9998507630292307,3.748880806238006,2.979333461325394,0.9998507630292307,3.8544695818994516e-07,0.9999996145520418,0
dark_matter_hidden_mass,galaxy_burkert_bestfit,NGC0024_burkert,enclosed_mass,2.114269567013887,13.392507850645623,3.2001078538642953,43221.99373057988,3.0,,0.1094606089917242,,0.7610523817083277,0.23894761829167233,,0.0,442.6371880143272,1,3.4020431185203077,17.674402230175865,9.250120960514332,3.4020431185203077,4.905263086446355e-08,0.9999999509463691,0
dark_matter_hidden_mass,galaxy_burkert_bestfit,NGC0024_burkert,halo_family_label,2.114269567013887,13.392507850645623,0.9999987381804616,43221.99373057988,3.0,,4.905263086446355e-08,,0.9253314801579711,0.07466851984202898,9.81052617289271e-08,0.0,442.6371880143272,1,3.4020431185203077,17.674402230175865,9.250120960514332,3.4020431185203077,4.905263086446355e-08,0.9999999509463691,0
dark_matter_hidden_mass,galaxy_burkert_bestfit,NGC0024_burkert,local_profile_class,2.114269567013887,13.392507850645623,0.9999999999586942,43221.99373057988,3.0,,4.7791974385240046e-18,,0.9253313859427391,0.07466861405726086,9.558394877048009e-18,0.0,442.6371880143272,1,3.4020431185203077,17.674402230175865,9.250120960514332,3.4020431185203077,4.905263086446355e-08,0.9999999509463691,1
dark_matter_hidden_mass,galaxy_burkert_bestfit,NGC0024_burkert,fine_latent_geometry,2.114269567013887,13.392507850645623,7.207642599924005,43221.99373057988,3.0,,0.006765397418838965,,0.4618153164213721,0.5381846835786279,,0.0,442.6371880143272,1,3.4020431185203077,17.674402230175865,9.250120960514332,3.4020431185203077,4.905263086446355e-08,0.9999999509463691,0
dark_matter_hidden_mass,galaxy_burkert_bestfit,NGC0055_burkert,enclosed_mass,1.494193430493157,14.560559183704338,4.215204266155431,28523.712556372127,3.0,,0.053917211535384944,,0.7105053306693785,0.28949466933062146,,0.0,825.0906854965093,1,1.1678245859502583,4.100972678457608,14.4553898059307,1.1678245859502583,8.121716933252052e-104,0.9999999999989999,1
dark_matter_hidden_mass,galaxy_burkert_bestfit,NGC0055_burkert,halo_family_label,1.494193430493157,14.560559183704338,0.9999999999586942,28523.712556372127,3.0,,8.121716933252052e-104,,0.931321318958831,0.06867868104116899,1.6243433866504104e-103,0.0,825.0906854965093,1,1.1678245859502583,4.100972678457608,14.4553898059307,1.1678245859502583,8.121716933252052e-104,0.9999999999989999,1
dark_matter_hidden_mass,galaxy_burkert_bestfit,NGC0055_burkert,local_profile_class,1.494193430493157,14.560559183704338,0.9887640414902261,28523.712556372127,3.0,,0.0009827802076859248,,0.9320929897667106,0.06790701023328938,0.0019655604153718496,0.0,825.0906854965093,1,1.1678245859502583,4.100972678457608,14.4553898059307,1.1678245859502583,8.121716933252052e-104,0.9999999999989999,0
dark_matter_hidden_mass,galaxy_burkert_bestfit,NGC0055_burkert,fine_latent_geometry,1.494193430493157,14.560559183704338,7.64904390412742,28523.712556372127,3.0,,0.004982114768932766,,0.47467375341683593,0.5253262465831641,,0.0,825.0906854965093,1,1.1678245859502583,4.100972678457608,14.4553898059307,1.1678245859502583,8.121716933252052e-104,0.9999999999989999,1
dark_matter_hidden_mass,galaxy_burkert_bestfit,NGC0100_burkert,enclosed_mass,1.7956828983511026,11.71647702636906,3.269543668629489,10968.186227286615,3.0,,0.10425981767822842,,0.7209448146169649,0.2790551853830351,,1.0,197.22555322064787,1,1.4490538686419794,1.5041017936476182,15.408104007650463,1.4490538686419794,3.4317940952013427e-42,0.9999999999989999,0
dark_matter_hidden_mass,galaxy_burkert_bestfit,NGC0100_burkert,halo_family_label,1.7956828983511026,11.71647702636906,0.9999999999586942,10968.186227286615,3.0,,3.4317940952013427e-42,,0.9146501121703992,0.08534988782960082,6.863588190402685e-42,1.0,197.22555322064787,1,1.4490538686419794,1.5041017936476182,15.408104007650463,1.4490538686419794,3.4317940952013427e-42,0.9999999999989999,1
dark_matter_hidden_mass,galaxy_burkert_bestfit,NGC0100_burkert,local_profile_class,1.7956828983511026,11.71647702636906,0.0009337392075171591,10968.186227286615,3.0,,0.48201279543212505,,0.9999203054633731,7.969453662698174e-05,0.9640255908642501,1.0,197.22555322064787,1,1.4490538686419794,1.5041017936476182,15.408104007650463,1.4490538686419794,3.4317940952013427e-42,0.9999999999989999,0
dark_matter_hidden_mass,galaxy_burkert_bestfit,NGC0100_burkert,fine_latent_geometry,1.7956828983511026,11.71647702636906,5.7162982409113345,10968.186227286615,3.0,,0.019023978157807393,,0.5121145863175206,0.4878854136824794,,1.0,197.22555322064787,1,1.4490538686419794,1.5041017936476182,15.408104007650463,1.4490538686419794,3.4317940952013427e-42,0.9999999999989999,0
dark_matter_hidden_mass,galaxy_burkert_bestfit,NGC0247_burkert,enclosed_mass,1.730242340656556,13.147876479347708,1.5858563119214846,26985.502625102785,3.0,,0.3533070739031801,,0.8793830840735004,0.12061691592649963,,0.0,399.6768761637057,1,8.16535321702391,79.52152122778432,19.727735482733017,8.16535321702391,2.3990210375941984e-135,0.9999999999989999,0
dark_matter_hidden_mass,galaxy_burkert_bestfit,NGC0247_burkert,halo_family_label,1.730242340656556,13.147876479347708,0.9999999999586942,26985.502625102785,3.0,,2.3990210375941984e-135,,0.9239420904562449,0.07605790954375517,4.798042075188397e-135,0.0,399.6768761637057,1,8.16535321702391,79.52152122778432,19.727735482733017,8.16535321702391,2.3990210375941984e-135,0.9999999999989999,1
dark_matter_hidden_mass,galaxy_burkert_bestfit,NGC0247_burkert,local_profile_class,1.730242340656556,13.147876479347708,0.9745999279699575,26985.502625102785,3.0,,0.002521798362203479,,0.9258739668340488,0.07412603316595118,0.005043596724406958,0.0,399.6768761637057,1,8.16535321702391,79.52152122778432,19.727735482733017,8.16535321702391,2.3990210375941984e-135,0.9999999999989999,0
dark_matter_hidden_mass,galaxy_burkert_bestfit,NGC0247_burkert,fine_latent_geometry,1.730242340656556,13.147876479347708,5.808790212212867,26985.502625102785,3.0,,0.01784222548925535,,0.5581955594626142,0.4418044405373857,,0.0,399.6768761637057,1,8.16535321702391,79.52152122778432,19.727735482733017,8.16535321702391,2.3990210375941984e-135,0.9999999999989999,0
dark_matter_hidden_mass,galaxy_burkert_bestfit,NGC0289_burkert,enclosed_mass,1.8453657445737646,15.769405434446274,4.664608583386645,37786.99456967429,3.0,,0.03945942419148544,,0.7041988296402477,0.29580117035975223,,0.0,1453.7526494814435,1,11.969782097813468,49.93680810589064,25.8063203084445,11.969782097813468,1.5130796921364776e-49,0.9999999999989999,1
dark_matter_hidden_mass,galaxy_burkert_bestfit,NGC0289_burkert,halo_family_label,1.8453657445737646,15.769405434446274,0.9999999999586942,37786.99456967429,3.0,,1.5130796921364776e-49,,0.9365860682499595,0.06341393175004052,3.026159384272955e-49,0.0,1453.7526494814435,1,11.969782097813468,49.93680810589064,25.8063203084445,11.969782097813468,1.5130796921364776e-49,0.9999999999989999,1
dark_matter_hidden_mass,galaxy_burkert_bestfit,NGC0289_burkert,local_profile_class,1.8453657445737646,15.769405434446274,0.9999999999586942,37786.99456967429,3.0,,7.806672769930273e-221,,0.9365860682499595,0.06341393175004052,1.5613345539860546e-220,0.0,1453.7526494814435,1,11.969782097813468,49.93680810589064,25.8063203084445,11.969782097813468,1.5130796921364776e-49,0.9999999999989999,1
dark_matter_hidden_mass,galaxy_burkert_bestfit,NGC0289_burkert,fine_latent_geometry,1.8453657445737646,15.769405434446274,6.832120763315155,37786.99456967429,3.0,,0.008776946288915136,,0.5667483601892022,0.43325163981079784,,0.0,1453.7526494814435,1,11.969782097813468,49.93680810589064,25.8063203084445,11.969782097813468,1.5130796921364776e-49,0.9999999999989999,0
dark_matter_hidden_mass,galaxy_burkert_bestfit,NGC0300_burkert,enclosed_mass,2.28151018873626,13.40467006135826,4.666099625092944,20528.70916963168,3.0,,0.03941860012762466,,0.6519049253928344,0.34809507460716566,,0.0,477.19786708002636,1,3.2826583987037172,9.9413843322956,3.916269790122089,3.2826583987037172,0.07894632502997102,0.9210536749691078,1
dark_matter_hidden_mass,galaxy_burkert_bestfit,NGC0300_burkert,halo_family_label,2.28151018873626,13.40467006135826,0.6015444240279813,20528.70916963168,3.0,,0.07894632502997102,,0.955124264806632,0.044875735193368,0.15789265005994205,0.0,477.19786708002636,1,3.2826583987037172,9.9413843322956,3.916269790122089,3.2826583987037172,0.07894632502997102,0.9210536749691078,0
dark_matter_hidden_mass,galaxy_burkert_bestfit,NGC0300_burkert,local_profile_class,2.28151018873626,13.40467006135826,0.8689610300301482,20528.70916963168,3.0,,0.018170079630332153,,0.9351747543167729,0.06482524568322712,0.036340159260664306,0.0,477.19786708002636,1,3.2826583987037172,9.9413843322956,3.916269790122089,3.2826583987037172,0.07894632502997102,0.9210536749691078,0
dark_matter_hidden_mass,galaxy_burkert_bestfit,NGC0300_burkert,fine_latent_geometry,2.28151018873626,13.40467006135826,6.715912514315684,20528.70916963168,3.0,,0.009513241765363112,,0.49898710795756973,0.5010128920424303,,0.0,477.19786708002636,1,3.2826583987037172,9.9413843322956,3.916269790122089,3.2826583987037172,0.07894632502997102,0.9210536749691078,0
dark_matter_hidden_mass,galaxy_burkert_bestfit,NGC0891_burkert,enclosed_mass,2.0441104177484006,17.246655159974146,3.792819615686985,302995.36146539747,3.0,,0.07234040320363241,,0.7800837565019958,0.2199162434980042,,0.0,2822.6127243285137,1,6.536548329221304,14.566105489425919,10.5167463134194,6.536548329221304,3.889467454078434e-06,0.9999961105315459,0
dark_matter_hidden_mass,galaxy_burkert_bestfit,NGC0891_burkert,halo_family_label,2.0441104177484006,17.246655159974146,0.999924487202233,302995.36146539747,3.0,,3.889467454078434e-06,,0.9420221209314344,0.057977879068565545,7.778934908156868e-06,0.0,2822.6127243285137,1,6.536548329221304,14.566105489425919,10.5167463134194,6.536548329221304,3.889467454078434e-06,0.9999961105315459,0
dark_matter_hidden_mass,galaxy_burkert_bestfit,NGC0891_burkert,local_profile_class,2.0441104177484006,17.246655159974146,0.2122382441998073,302995.36146539747,3.0,,0.2356679796192097,,0.9876939474796036,0.012306052520396392,0.4713359592384194,0.0,2822.6127243285137,1,6.536548329221304,14.566105489425919,10.5167463134194,6.536548329221304,3.889467454078434e-06,0.9999961105315459,0
dark_matter_hidden_mass,galaxy_burkert_bestfit,NGC0891_burkert,fine_latent_geometry,2.0441104177484006,17.246655159974146,6.4011433213658355,302995.36146539747,3.0,,0.011832983389928704,,0.6288472598314866,0.3711527401685134,,0.0,2822.6127243285137,1,6.536548329221304,14.566105489425919,10.5167463134194,6.536548329221304,3.889467454078434e-06,0.9999961105315459,0
dark_matter_hidden_mass,galaxy_burkert_bestfit,NGC1003_burkert,enclosed_mass,2.230731984907654,18.30312484227206,5.9696971847728895,132820.9132809364,3.0,,0.015958695105298026,,0.6738427325269862,0.3261572674730137,,0.0,4706.382239129579,1,4.518210457887065,92.44028731630871,10.76277929846573,4.518210457887065,3.4942622928254053e-133,0.9999999999989999,1
dark_matter_hidden_mass,galaxy_burkert_bestfit,NGC1003_burkert,halo_family_label,2.230731984907654,18.30312484227206,0.9999999999586942,132820.9132809364,3.0,,3.4942622928254053e-133,,0.9453645206173134,0.05463547938268661,6.988524585650811e-133,0.0,4706.382239129579,1,4.518210457887065,92.44028731630871,10.76277929846573,4.518210457887065,3.4942622928254053e-133,0.9999999999989999,1
dark_matter_hidden_mass,galaxy_burkert_bestfit,NGC1003_burkert,local_profile_class,2.230731984907654,18.30312484227206,0.9999999999586942,132820.9132809364,3.0,,0.0,,0.9453645206173134,0.05463547938268661,0.0,0.0,4706.382239129579,1,4.518210457887065,92.44028731630871,10.76277929846573,4.518210457887065,3.4942622928254053e-133,0.9999999999989999,1
dark_matter_hidden_mass,galaxy_burkert_bestfit,NGC1003_burkert,fine_latent_geometry,2.230731984907654,18.30312484227206,8.608346078729074,132820.9132809364,3.0,,0.002562306096047085,,0.5296788852771396,0.4703211147228604,,0.0,4706.382239129579,1,4.518210457887065,92.44028731630871,10.76277929846573,4.518210457887065,3.4942622928254053e-133,0.9999999999989999,1
dark_matter_hidden_mass,galaxy_nfw_bestfit,NGC1090_nfw,enclosed_mass,2.7049868557726664,14.67227830302513,3.002007711198405,155294.17460281544,3.0,,0.12581017433759248,,0.7953959399352826,0.20460406006471749,,1.0,735.4149152408728,1,9.237924858015331,52.77074522881732,9.237924858015331,9.84551435668187,0.9999999999989999,5.275937547753951e-22,0
dark_matter_hidden_mass,galaxy_nfw_bestfit,NGC1090_nfw,halo_family_label,2.7049868557726664,14.67227830302513,0.9999999999586942,155294.17460281544,3.0,,5.275937547753951e-22,,0.931844258996061,0.06815574100393898,1.0551875095507903e-21,1.0,735.4149152408728,1,9.237924858015331,52.77074522881732,9.237924858015331,9.84551435668187,0.9999999999989999,5.275937547753951e-22,0
dark_matter_hidden_mass,galaxy_nfw_bestfit,NGC1090_nfw,local_profile_class,2.7049868557726664,14.67227830302513,0.9942822697782998,155294.17460281544,3.0,,0.00045591114553477995,,0.9322339551333825,0.06776604486661753,0.0009118222910695599,1.0,735.4149152408728,1,9.237924858015331,52.77074522881732,9.237924858015331,9.84551435668187,0.9999999999989999,5.275937547753951e-22,0
dark_matter_hidden_mass,galaxy_nfw_bestfit,NGC1090_nfw,fine_latent_geometry,2.7049868557726664,14.67227830302513,5.248252777692581,155294.17460281544,3.0,,0.026318967755454118,,0.642301442945606,0.35769855705439396,,1.0,735.4149152408728,1,9.237924858015331,52.77074522881732,9.237924858015331,9.84551435668187,0.9999999999989999,5.275937547753951e-22,0
dark_matter_hidden_mass,galaxy_nfw_bestfit,NGC1705_nfw,enclosed_mass,1.9211854965885544,9.502980900076745,3.2866266220984692,9556.923630171144,3.0,,0.10301945407516483,,0.6541478240715051,0.34585217592849493,,1.0,62.47712086940078,1,1.7432932402260533,0.7951514097808252,1.7432932402260533,3.3790632692522093,0.7557227575076241,0.24427724249162017,0
dark_matter_hidden_mass,galaxy_nfw_bestfit,NGC1705_nfw,halo_family_label,1.9211854965885544,9.502980900076745,0.19791887637678274,9556.923630171144,3.0,,0.24427724249162017,,0.9791729691495871,0.020827030850412882,0.48855448498324033,1.0,62.47712086940078,1,1.7432932402260533,0.7951514097808252,1.7432932402260533,3.3790632692522093,0.7557227575076241,0.24427724249162017,0
dark_matter_hidden_mass,galaxy_nfw_bestfit,NGC1705_nfw,local_profile_class,1.9211854965885544,9.502980900076745,0.9837282623377328,9556.923630171144,3.0,,0.0015040617981212446,,0.8964821383225354,0.10351786167746463,0.003008123596242489,1.0,62.47712086940078,1,1.7432932402260533,0.7951514097808252,1.7432932402260533,3.3790632692522093,0.7557227575076241,0.24427724249162017,0
dark_matter_hidden_mass,galaxy_nfw_bestfit,NGC1705_nfw,fine_latent_geometry,1.9211854965885544,9.502980900076745,6.141881051777524,9556.923630171144,3.0,,0.014162930546614215,,0.353689003865311,0.646310996134689,,1.0,62.47712086940078,1,1.7432932402260533,0.7951514097808252,1.7432932402260533,3.3790632692522093,0.7557227575076241,0.24427724249162017,0
dark_matter_hidden_mass,galaxy_burkert_bestfit,NGC2366_burkert,enclosed_mass,1.7192945256669792,13.610885209950855,4.485128617415478,27946.663598937277,3.0,,0.04469666644443489,,0.670474877406473,0.32952512259352695,,0.0,520.3830372982534,1,2.1547831225153264,12.185226418897544,5.180443440565309,2.1547831225153264,5.413236859944609e-43,0.9999999999989999,1
dark_matter_hidden_mass,galaxy_burkert_bestfit,NGC2366_burkert,halo_family_label,1.7192945256669792,13.610885209950855,0.9999999999586942,27946.663598937277,3.0,,5.413236859944609e-43,,0.9265293928694954,0.07347060713050454,1.0826473719889217e-42,0.0,520.3830372982534,1,2.1547831225153264,12.185226418897544,5.180443440565309,2.1547831225153264,5.413236859944609e-43,0.9999999999989999,1
dark_matter_hidden_mass,galaxy_burkert_bestfit,NGC2366_burkert,local_profile_class,1.7192945256669792,13.610885209950855,0.9912157730800358,27946.663598937277,3.0,,0.0007420091289014884,,0.9271747753514692,0.07282522464853076,0.0014840182578029768,0.0,520.3830372982534,1,2.1547831225153264,12.185226418897544,5.180443440565309,2.1547831225153264,5.413236859944609e-43,0.9999999999989999,0
dark_matter_hidden_mass,galaxy_burkert_bestfit,NGC2366_burkert,fine_latent_geometry,1.7192945256669792,13.610885209950855,7.3672923682571625,27946.663598937277,3.0,,0.006056642920457864,,0.4587205567738556,0.5412794432261444,,0.0,520.3830372982534,1,2.1547831225153264,12.185226418897544,5.180443440565309,2.1547831225153264,5.413236859944609e-43,0.9999999999989999,1
dark_matter_hidden_mass,galaxy_nfw_bestfit,NGC2403_nfw,enclosed_mass,2.323279788545459,21.2688386665128,7.124195781023052,1493874.5915783439,3.0,,0.00716827285951459,,0.6650406779266278,0.33495932207337215,,0.0,18517.939845731627,1,4.03469031825287,289.2578233215507,4.03469031825287,3.864630616219499,0.9999999999989999,2.5136600948281602e-37,1
dark_matter_hidden_mass,galaxy_nfw_bestfit,NGC2403_nfw,halo_family_label,2.323279788545459,21.2688386665128,0.9999999999586942,1493874.5915783439,3.0,,2.5136600948281602e-37,,0.9529828583667257,0.04701714163327435,5.0273201896563204e-37,0.0,18517.939845731627,1,4.03469031825287,289.2578233215507,4.03469031825287,3.864630616219499,0.9999999999989999,2.5136600948281602e-37,1
dark_matter_hidden_mass,galaxy_nfw_bestfit,NGC2403_nfw,local_profile_class,2.323279788545459,21.2688386665128,0.9999999999586942,1493874.5915783439,3.0,,1.3013132609431753e-289,,0.9529828583667257,0.04701714163327435,2.6026265218863507e-289,0.0,18517.939845731627,1,4.03469031825287,289.2578233215507,4.03469031825287,3.864630616219499,0.9999999999989999,2.5136600948281602e-37,1
dark_matter_hidden_mass,galaxy_nfw_bestfit,NGC2403_nfw,fine_latent_geometry,2.323279788545459,21.2688386665128,9.49969688560671,1493874.5915783439,3.0,,0.0013813590848083155,,0.5533514060378049,0.4466485939621951,,0.0,18517.939845731627,1,4.03469031825287,289.2578233215507,4.03469031825287,3.864630616219499,0.9999999999989999,2.5136600948281602e-37,1
dark_matter_hidden_mass,galaxy_nfw_bestfit,NGC2841_nfw,enclosed_mass,1.934280615255996,17.43215417542931,5.8293411798998624,224784.9170350438,3.0,,0.01758978877447749,,0.6655983465247031,0.3344016534752969,,0.0,3131.235262892709,1,7.371229611601219,80.02002890461485,7.371229611601219,13.200402214246747,0.9999999999989999,1.0899447710305418e-46,1
dark_matter_hidden_mass,galaxy_nfw_bestfit,NGC2841_nfw,halo_family_label,1.934280615255996,17.43215417542931,0.9999999999586942,224784.9170350438,3.0,,1.0899447710305418e-46,,0.9426347432511698,0.05736525674883016,2.1798895420610837e-46,0.0,3131.235262892709,1,7.371229611601219,80.02002890461485,7.371229611601219,13.200402214246747,0.9999999999989999,1.0899447710305418e-46,1
dark_matter_hidden_mass,galaxy_nfw_bestfit,NGC2841_nfw,local_profile_class,1.934280615255996,17.43215417542931,0.9999999999586942,224784.9170350438,3.0,,3.685785960626936e-111,,0.9426347432511698,0.05736525674883016,7.371571921253872e-111,0.0,3131.235262892709,1,7.371229611601219,80.02002890461485,7.371229611601219,13.200402214246747,0.9999999999989999,1.0899447710305418e-46,1
dark_matter_hidden_mass,galaxy_nfw_bestfit,NGC2841_nfw,fine_latent_geometry,1.934280615255996,17.43215417542931,8.068899148862743,224784.9170350438,3.0,,0.003724108454525959,,0.5371255286259522,0.4628744713740478,,0.0,3131.235262892709,1,7.371229611601219,80.02002890461485,7.371229611601219,13.200402214246747,0.9999999999989999,1.0899447710305418e-46,1
dark_matter_hidden_mass,galaxy_burkert_bestfit,NGC2903_burkert,enclosed_mass,2.5324403293892557,21.0855815471756,5.868877739893278,1861282.7003806948,3.0,,0.017114150645881808,,0.7216639376645786,0.27833606233542135,,0.0,17006.315017685418,1,11.195248749987979,183.2116301995131,17.60501479944307,11.195248749987979,0.3358689226013805,0.6641310773979553,1
dark_matter_hidden_mass,galaxy_burkert_bestfit,NGC2903_burkert,halo_family_label,2.5324403293892557,21.0855815471756,0.07918942000507245,1861282.7003806948,3.0,,0.3358689226013805,,0.9962443805579705,0.003755619442029562,0.671737845202761,0.0,17006.315017685418,1,11.195248749987979,183.2116301995131,17.60501479944307,11.195248749987979,0.3358689226013805,0.6641310773979553,0
dark_matter_hidden_mass,galaxy_burkert_bestfit,NGC2903_burkert,local_profile_class,2.5324403293892557,21.0855815471756,0.9999999999586942,1861282.7003806948,3.0,,1.5083627292914e-29,,0.9525742271930535,0.04742577280694653,3.0167254585828e-29,0.0,17006.315017685418,1,11.195248749987979,183.2116301995131,17.60501479944307,11.195248749987979,0.3358689226013805,0.6641310773979553,1
dark_matter_hidden_mass,galaxy_burkert_bestfit,NGC2903_burkert,fine_latent_geometry,2.5324403293892557,21.0855815471756,8.577458116279285,1861282.7003806948,3.0,,0.002617756681752608,,0.5932074200994362,0.40679257990056383,,0.0,17006.315017685418,1,11.195248749987979,183.2116301995131,17.60501479944307,11.195248749987979,0.3358689226013805,0.6641310773979553,1
dark_matter_hidden_mass,galaxy_burkert_bestfit,NGC2915_burkert,enclosed_mass,2.596394837813508,12.595173283908,4.370684947571424,20536.76365631756,3.0,,0.04839502408260756,,0.6529873111666076,0.34701268883339237,,0.0,329.7398024401818,1,4.578660161416307,9.278442348224573,7.6354240852773705,4.578660161416307,0.008830569321083911,0.9911694306779247,1
dark_matter_hidden_mass,galaxy_burkert_bestfit,NGC2915_burkert,halo_family_label,2.596394837813508,12.595173283908,0.9270631697828049,20536.76365631756,3.0,,0.008830569321083911,,0.9263953620259238,0.07360463797407621,0.017661138642167822,0.0,329.7398024401818,1,4.578660161416307,9.278442348224573,7.6354240852773705,4.578660161416307,0.008830569321083911,0.9911694306779247,0
dark_matter_hidden_mass,galaxy_burkert_bestfit,NGC2915_burkert,local_profile_class,2.596394837813508,12.595173283908,0.9999909624515474,20536.76365631756,3.0,,3.980746029884641e-07,,0.9206052239289817,0.07939477607101826,7.961492059769282e-07,0.0,329.7398024401818,1,4.578660161416307,9.278442348224573,7.6354240852773705,4.578660161416307,0.008830569321083911,0.9911694306779247,0
dark_matter_hidden_mass,galaxy_burkert_bestfit,NGC2915_burkert,fine_latent_geometry,2.596394837813508,12.595173283908,7.762509049028139,20536.76365631756,3.0,,0.004605285189612485,,0.38369176238759883,0.6163082376124012,,0.0,329.7398024401818,1,4.578660161416307,9.278442348224573,7.6354240852773705,4.578660161416307,0.008830569321083911,0.9911694306779247,1
dark_matter_hidden_mass,galaxy_burkert_bestfit,NGC2955_burkert,enclosed_mass,2.160762106246821,13.19312770597532,3.3156962507936494,9213.151925770306,3.0,,0.10094327870835078,,0.7486800458020328,0.2513199541979672,,0.0,423.15207321739615,1,12.350688597809874,98.80077348948356,28.764298174162214,12.350688597809874,9.25065358650636e-23,0.9999999999989999,0
dark_matter_hidden_mass,galaxy_burkert_bestfit,NGC2955_burkert,halo_family_label,2.160762106246821,13.19312770597532,0.9999999999586942,9213.151925770306,3.0,,9.25065358650636e-23,,0.9242029621599295,0.07579703784007052,1.850130717301272e-22,0.0,423.15207321739615,1,12.350688597809874,98.80077348948356,28.764298174162214,12.350688597809874,9.25065358650636e-23,0.9999999999989999,0
dark_matter_hidden_mass,galaxy_burkert_bestfit,NGC2955_burkert,local_profile_class,2.160762106246821,13.19312770597532,0.9999981040628098,9213.151925770306,3.0,,7.553225612943244e-08,,0.9242031058632216,0.07579689413677843,1.5106451225886488e-07,0.0,423.15207321739615,1,12.350688597809874,98.80077348948356,28.764298174162214,12.350688597809874,9.25065358650636e-23,0.9999999999989999,0
dark_matter_hidden_mass,galaxy_burkert_bestfit,NGC2955_burkert,fine_latent_geometry,2.160762106246821,13.19312770597532,5.226961098984079,9213.151925770306,3.0,,0.026710547613662455,,0.6038118317753622,0.39618816822463776,,0.0,423.15207321739615,1,12.350688597809874,98.80077348948356,28.764298174162214,12.350688597809874,9.25065358650636e-23,0.9999999999989999,0
dark_matter_hidden_mass,galaxy_burkert_bestfit,NGC2976_burkert,enclosed_mass,1.5677116575334584,11.074331795852764,1.6621098216336638,4777.46552780264,3.0,,0.3330393444920186,,0.8499133083355775,0.15008669166442248,,0.0,159.99432720167465,1,1.8173350566106277,7.4706688924908375,3.4069346256034967,1.8173350566106277,0.0017653172910943665,0.9982346827079073,0
dark_matter_hidden_mass,galaxy_burkert_bestfit,NGC2976_burkert,halo_family_label,1.5677116575334584,11.074331795852764,0.9813100956860283,4777.46552780264,3.0,,0.0017653172910943665,,0.9113887759753125,0.08861122402468743,0.003530634582188733,0.0,159.99432720167465,1,1.8173350566106277,7.4706688924908375,3.4069346256034967,1.8173350566106277,0.0017653172910943665,0.9982346827079073,0
dark_matter_hidden_mass,galaxy_burkert_bestfit,NGC2976_burkert,local_profile_class,1.5677116575334584,11.074331795852764,0.19802929158099092,4777.46552780264,3.0,,0.24420948657409758,,0.982118172434101,0.017881827565898928,0.48841897314819516,0.0,159.99432720167465,1,1.8173350566106277,7.4706688924908375,3.4069346256034967,1.8173350566106277,0.0017653172910943665,0.9982346827079073,0
dark_matter_hidden_mass,galaxy_burkert_bestfit,NGC2976_burkert,fine_latent_geometry,1.5677116575334584,11.074331795852764,5.761469784260361,4777.46552780264,3.0,,0.01843735334293584,,0.4797456053810869,0.5202543946189131,,0.0,159.99432720167465,1,1.8173350566106277,7.4706688924908375,3.4069346256034967,1.8173350566106277,0.0017653172910943665,0.9982346827079073,0
dark_matter_hidden_mass,galaxy_burkert_bestfit,NGC3109_burkert,enclosed_mass,1.7924876891689534,11.896275463637519,4.1069437353285,19036.321882017226,3.0,,0.05813254463687856,,0.6547706256565851,0.345229374343415,,1.0,145.07009416465212,1,0.928684391857988,3.346605130852791,5.442970722703779,0.928684391857988,5.901239811544564e-53,0.9999999999989999,0
dark_matter_hidden_mass,galaxy_burkert_bestfit,NGC3109_burkert,halo_family_label,1.7924876891689534,11.896275463637519,0.9999999999586942,19036.321882017226,3.0,,5.901239811544564e-53,,0.9159400769580932,0.08405992304190682,1.1802479623089129e-52,1.0,145.07009416465212,1,0.928684391857988,3.346605130852791,5.442970722703779,0.928684391857988,5.901239811544564e-53,0.9999999999989999,1
dark_matter_hidden_mass,galaxy_burkert_bestfit,NGC3109_burkert,local_profile_class,1.7924876891689534,11.896275463637519,0.02668794695145238,19036.321882017226,3.0,,0.4041242374154145,,0.9977566132330218,0.0022433867669782435,0.808248474830829,1.0,145.07009416465212,1,0.928684391857988,3.346605130852791,5.442970722703779,0.928684391857988,5.901239811544564e-53,0.9999999999989999,0
dark_matter_hidden_mass,galaxy_burkert_bestfit,NGC3109_burkert,fine_latent_geometry,1.7924876891689534,11.896275463637519,6.659835695722903,19036.321882017226,3.0,,0.009890333295728956,,0.44017472392266477,0.5598252760773352,,1.0,145.07009416465212,1,0.928684391857988,3.346605130852791,5.442970722703779,0.928684391857988,5.901239811544564e-53,0.9999999999989999,0
dark_matter_hidden_mass,galaxy_nfw_bestfit,NGC3198_nfw,enclosed_mass,1.8162419016713476,19.193720320781587,6.38364328470934,471926.016416853,3.0,,0.011977413346647606,,0.6674097997667712,0.33259020023322877,,0.0,7075.390352637013,1,8.756123264966966,55.0686613465549,8.756123264966966,3.5024900570000983,0.9997207197106208,0.0002792802883793938,1
dark_matter_hidden_mass,galaxy_nfw_bestfit,NGC3198_nfw,halo_family_label,1.8162419016713476,19.193720320781587,0.9962999572800721,471926.016416853,3.0,,0.0002792802883793938,,0.9480923999813965,0.05190760001860347,0.0005585605767587876,0.0,7075.390352637013,1,8.756123264966966,55.0686613465549,8.756123264966966,3.5024900570000983,0.9997207197106208,0.0002792802883793938,0
dark_matter_hidden_mass,galaxy_nfw_bestfit,NGC3198_nfw,local_profile_class,1.8162419016713476,19.193720320781587,0.9999999999586942,471926.016416853,3.0,,4.676775880269057e-116,,0.9478996263754054,0.05210037362459459,9.353551760538114e-116,0.0,7075.390352637013,1,8.756123264966966,55.0686613465549,8.756123264966966,3.5024900570000983,0.9997207197106208,0.0002792802883793938,1
dark_matter_hidden_mass,galaxy_nfw_bestfit,NGC3198_nfw,fine_latent_geometry,1.8162419016713476,19.193720320781587,8.110419690048188,471926.016416853,3.0,,0.003618455386786045,,0.5774441038787668,0.42255589612123323,,0.0,7075.390352637013,1,8.756123264966966,55.0686613465549,8.756123264966966,3.5024900570000983,0.9997207197106208,0.0002792802883793938,1
dark_matter_hidden_mass,galaxy_burkert_bestfit,NGC3521_burkert,enclosed_mass,2.374168693779089,14.45940821279978,3.4550354230117843,12848.910526301906,3.0,,0.09156802051808086,,0.7610527780830398,0.2389472219169601,,0.0,783.5836963324471,1,4.321886187867928,7.13927693107947,6.193844887652242,4.321886187867928,0.05127432982391288,0.9487256701751383,0
dark_matter_hidden_mass,galaxy_burkert_bestfit,NGC3521_burkert,halo_family_label,2.374168693779089,14.45940821279978,0.7082142474030809,12848.910526301906,3.0,,0.05127432982391288,,0.951020523317396,0.04897947668260409,0.10254865964782577,0.0,783.5836963324471,1,4.321886187867928,7.13927693107947,6.193844887652242,4.321886187867928,0.05127432982391288,0.9487256701751383,0
dark_matter_hidden_mass,galaxy_burkert_bestfit,NGC3521_burkert,local_profile_class,2.374168693779089,14.45940821279978,0.9999999999586942,12848.910526301906,3.0,,3.3514520304361027e-16,,0.9308408763870798,0.06915912361292025,6.702904060872205e-16,0.0,783.5836963324471,1,4.321886187867928,7.13927693107947,6.193844887652242,4.321886187867928,0.05127432982391288,0.9487256701751383,1
dark_matter_hidden_mass,galaxy_burkert_bestfit,NGC3521_burkert,fine_latent_geometry,2.374168693779089,14.45940821279978,6.405396976801349,12848.910526301906,3.0,,0.011798141437630168,,0.5570083586732717,0.44299164132672825,,0.0,783.5836963324471,1,4.321886187867928,7.13927693107947,6.193844887652242,4.321886187867928,0.05127432982391288,0.9487256701751383,0
dark_matter_hidden_mass,galaxy_nfw_bestfit,NGC3741_nfw,enclosed_mass,1.4411665441579464,10.778452473272159,4.149545001767403,14941.114426142549,3.0,,0.05643558035554197,,0.6150147702504393,0.38498522974956073,,0.0,137.04773059975858,1,1.2631554887433902,6.646580227292172,1.2631554887433902,1.5022568409847414,0.8048763513143322,0.19512364868486295,0
dark_matter_hidden_mass,galaxy_nfw_bestfit,NGC3741_nfw,halo_family_label,1.4411665441579464,10.778452473272159,0.28793247483450557,14941.114426142549,3.0,,0.19512364868486295,,0.9732862880317462,0.02671371196825383,0.3902472973697259,0.0,137.04773059975858,1,1.2631554887433902,6.646580227292172,1.2631554887433902,1.5022568409847414,0.8048763513143322,0.19512364868486295,0
dark_matter_hidden_mass,galaxy_nfw_bestfit,NGC3741_nfw,local_profile_class,1.4411665441579464,10.778452473272159,0.9999999999071106,14941.114426142549,3.0,,2.316808321373685e-12,,0.9072223027946862,0.09277769720531386,4.63361664274737e-12,0.0,137.04773059975858,1,1.2631554887433902,6.646580227292172,1.2631554887433902,1.5022568409847414,0.8048763513143322,0.19512364868486295,1
dark_matter_hidden_mass,galaxy_nfw_bestfit,NGC3741_nfw,fine_latent_geometry,1.4411665441579464,10.778452473272159,7.926705682245724,14941.114426142549,3.0,,0.004109864255174777,,0.2645785003086526,0.7354214996913474,,0.0,137.04773059975858,1,1.2631554887433902,6.646580227292172,1.2631554887433902,1.5022568409847414,0.8048763513143322,0.19512364868486295,1
dark_matter_hidden_mass,galaxy_burkert_bestfit,NGC3917_burkert,enclosed_mass,1.5693078231812958,14.679054463786548,2.837017351937423,55704.25977069632,3.0,,0.14134092291713302,,0.8067302387264528,0.19326976127354717,,0.0,865.9141572595834,1,3.7148987822655632,14.4425906389508,7.507946520462391,3.7148987822655632,2.9371506480054754e-09,0.9999999970618492,0
dark_matter_hidden_mass,galaxy_burkert_bestfit,NGC3917_burkert,halo_family_label,1.5693078231812958,14.679054463786548,0.9999999125151157,55704.25977069632,3.0,,2.9371506480054754e-09,,0.9318757270788707,0.06812427292112927,5.874301296010951e-09,0.0,865.9141572595834,1,3.7148987822655632,14.4425906389508,7.507946520462391,3.7148987822655632,2.9371506480054754e-09,0.9999999970618492,0
dark_matter_hidden_mass,galaxy_burkert_bestfit,NGC3917_burkert,local_profile_class,1.5693078231812958,14.679054463786548,0.3922265865329354,55704.25977069632,3.0,,0.14917560834959748,,0.9732798466344978,0.026720153365502146,0.29835121669919495,0.0,865.9141572595834,1,3.7148987822655632,14.4425906389508,7.507946520462391,3.7148987822655632,2.9371506480054754e-09,0.9999999970618492,0
dark_matter_hidden_mass,galaxy_burkert_bestfit,NGC3917_burkert,fine_latent_geometry,1.5693078231812958,14.679054463786548,7.000803531447788,55704.25977069632,3.0,,0.0078083878855065335,,0.5230753078327437,0.47692469216725625,,0.0,865.9141572595834,1,3.7148987822655632,14.4425906389508,7.507946520462391,3.7148987822655632,2.9371506480054754e-09,0.9999999970618492,0
dark_matter_hidden_mass,galaxy_burkert_bestfit,NGC4013_burkert,enclosed_mass,1.9860535746331103,17.01602506616439,4.900111143174032,34024.10218574862,3.0,,0.03350913778723528,,0.7120296235977176,0.2879703764022824,,0.0,2591.8001816761634,1,5.3915741590856205,26.078409597548838,5.6592899534644685,5.3915741590856205,0.09190195803935747,0.9080980419597343,1
dark_matter_hidden_mass,galaxy_burkert_bestfit,NGC4013_burkert,halo_family_label,1.9860535746331103,17.01602506616439,0.5572133560605199,34024.10218574862,3.0,,0.09190195803935747,,0.9672536121747661,0.03274638782523387,0.18380391607871494,0.0,2591.8001816761634,1,5.3915741590856205,26.078409597548838,5.6592899534644685,5.3915741590856205,0.09190195803935747,0.9080980419597343,0
dark_matter_hidden_mass,galaxy_burkert_bestfit,NGC4013_burkert,local_profile_class,1.9860535746331103,17.01602506616439,0.9999999999584578,34024.10218574862,3.0,,1.005927489509439e-12,,0.9412318684257869,0.05876813157421315,2.011854979018878e-12,0.0,2591.8001816761634,1,5.3915741590856205,26.078409597548838,5.6592899534644685,5.3915741590856205,0.09190195803935747,0.9080980419597343,1
dark_matter_hidden_mass,galaxy_burkert_bestfit,NGC4013_burkert,fine_latent_geometry,1.9860535746331103,17.01602506616439,7.372876970456686,34024.10218574862,3.0,,0.006033242415492647,,0.5667097961017156,0.43329020389828443,,0.0,2591.8001816761634,1,5.3915741590856205,26.078409597548838,5.6592899534644685,5.3915741590856205,0.09190195803935747,0.9080980419597343,1
quantum_measurement_alignment,qubit_multi_parameter,Z_depol0.0_noise0.0,phase_hemisphere,0.5983587330893142,0.4016412669106861,0.0,1.00000000015326,1.0,1.5370554614083822,0.5,5.378727826043106e-10,1.0,0.0,0.5,1.0,0.9999999998511182,0,,,,,,,0
quantum_measurement_alignment,qubit_multi_parameter,Z_depol0.3_noise0.0,phase_hemisphere,0.8249467591571743,0.1750532408428259,0.0,0.3070086726281767,1.0,0.7531571760901072,0.5,2.7730745399390227e-10,1.0,0.0,0.5,1.0,6.59826773413949,0,,,,,,,0
quantum_measurement_alignment,qubit_multi_parameter,X_depol0.0_noise0.0,phase_hemisphere,0.777833897769216,0.22216610223078392,0.005230733558701118,0.7437035327701522,1.0,1.5370554614083822,0.4574483591839593,3.117582929431244e-10,0.9764557531226457,0.023544246877354333,0.4963787157277253,1.0,2.043461797164224,0,,,,,,,0
quantum_measurement_alignment,qubit_multi_parameter,X_depol0.3_noise0.0,phase_hemisphere,0.8999709255449995,0.10002907445500019,0.002561476651730194,0.27605891507343266,1.0,0.7531571760901072,0.4702138514287716,5.772914904973298e-10,0.9743926786718143,0.025607321328185627,0.49822557070658546,1.0,7.083729854134422,0,,,,,,,0
quantum_measurement_alignment,qubit_multi_parameter,Y_depol0.0_noise0.0,phase_hemisphere,0.7778338977692161,0.2221661022307838,0.1363984935753591,0.7437035327701103,1.0,1.5370554614083822,0.2860784556707642,3.1175829293983795e-10,0.3860517324390479,0.6139482675609521,0.40847514574358956,1.0,2.043461797145878,0,,,,,,,1
quantum_measurement_alignment,qubit_multi_parameter,Y_depol0.3_noise0.0,phase_hemisphere,0.8999709255449995,0.1000290744550002,0.06570448639305788,0.27605891508551156,1.0,0.7531571760901072,0.3502549189695346,5.772914905070464e-10,0.34314611275728457,0.6568538872427154,0.45515282141435875,1.0,7.083729853922646,0,,,,,,,1
quantum_measurement_alignment,qubit_multi_parameter,ZX_depol0.0_noise0.0,phase_hemisphere,1.6880963154292652,0.3119036845707354,0.002615366779350684,0.8718517664630262,1.875,1.5370554614083822,0.47872417959197966,0.15948641604321956,0.9916148256377602,0.008385174362239876,0.4981893578638626,0.125,1.179431276505955,0,,,,,,,0
quantum_measurement_alignment,qubit_multi_parameter,ZX_depol0.3_noise0.0,phase_hemisphere,1.862458842351087,0.13754115764891348,0.0012807383258652185,0.2915337938526349,1.875,0.7531571760901072,0.48510692571438574,0.08698967984816317,0.9906883266961122,0.009311673303887855,0.49911278535329273,0.125,4.630735332482371,0,,,,,,,0
quantum_measurement_alignment,qubit_multi_parameter,XYZ_depol0.0_noise0.0,phase_hemisphere,2.302971343597072,0.2819911571240852,0.04720974237802018,0.8291356885658476,2.0,1.5370554614083822,0.4145089382849076,0.2301331462497062,0.8325843162619232,0.16741568373807683,0.46828462049043823,0.0,1.2287128867341257,0,,,,,,,1
quantum_measurement_alignment,qubit_multi_parameter,XYZ_depol0.3_noise0.0,phase_hemisphere,2.459925370803547,0.12503712991760768,0.022755321014929348,0.28637550093053854,2.0,0.7531571760901072,0.44015625679943543,0.13823062741278824,0.8180114896277305,0.18198851037226946,0.4844594640403148,0.0,3.6982174782993367,0,,,,,,,0
quantum_measurement_alignment,qubit_multi_parameter,SIC_depol0.0_noise0.0,phase_hemisphere,1.7233004783472523,0.2766995216527483,0.046328681260164796,0.7539466844537148,2.0,1.5370554614083822,0.37649233879605515,0.19995062543750391,0.8325668183904334,0.16743318160956655,0.46828462049043823,0.0,1.4668291130300943,0,,,,,,,1
quantum_measurement_alignment,qubit_multi_parameter,SIC_depol0.3_noise0.0,phase_hemisphere,1.875643075467584,0.12435692453241615,0.02255552872496034,0.2808951390737159,2.0,0.7531571760901072,0.41354463715723855,0.1347185988915819,0.8186226556360294,0.18137734436397054,0.4844594640403147,0.0,3.8241956046550003,0,,,,,,,1
quantum_measurement_alignment,qubit_multi_parameter,XYZ_depol0.0_noise0.2,phase_hemisphere,2.4178842867309482,0.16707821399020778,0.029861988855710522,0.39582845508334985,2.0,1.5370554614083822,0.4316071506279261,0.06198945987359779,0.8212694034575885,0.17873059654241152,0.47970215711388037,0.0,2.679873864066704,0,,,,,,,1
quantum_measurement_alignment,qubit_multi_parameter,XYZ_depol0.3_noise0.2,phase_hemisphere,2.5068001020548882,0.07816239866626834,0.014484355810614066,0.17358530213262444,2.0,0.7531571760901072,0.45212500543954837,0.05179610967415396,0.8146889545642243,0.1853110454357757,0.4900540569858014,0.0,6.087421022612859,0,,,,,,,0
